0,1,2,3,4,5,6,7,8,9,10,11,12,13,17,18,20,21,22,24,26,27,30,31,33,35,36,39,40,42,44,45,48,50,53,54,55,60,62,63,66,70,71,72,77,80,81,84,88,90,93,99,100,101,102,106,108,110,111,112,114,117,120
1,10,11,13,16,17,21,23,41,43,56,58,74,81,91,97,100,101,106,110,111,113,115,121,122,130,131,137,142,155,157,161,170,171,172,178,179,181,184,188,193,201
2,10,11,12,15,16,20,22,25,26,32,38,41,42,46,67,72,82,86,91,95,100,101,102,103,105,107,110,111,112,113,115,116,120,121,122,123,124,125,130,131,132,134,136,138,142,143
3,10,11,12,14,15,21,23,30,31,33,34,35,39,47,51,52,59,63,69,73,75,78,94,100,101,102,103,104,105,107,110,111,112,113,115,116,120,123,133,141,146,147,151,153,154,158,159,163,164,166,168,183,185,191,196
4,10,11,13,14,20,21,22,24,25,31,32,37,40,43,44,51,54,57,64,65,76,82,84,87,89,92,98,100,101,104,110,111,112,114,116,121,122,124,125,127,128,137,140,141,142,144,145,148,149,151,154,158,172,177,191,196
5,10,11,12,13,29,38,45,50,52,53,55,61,100,101,102,110,111,114,120,121,124,125,130,131,132,134,135,136,137,138,139,140,145,148,150,151,160,174,175,182,186,191,195,211
6,10,11,12,20,21,22,23,24,28,30,33,34,36,41,42,46,49,58,60,61,62,66,68,73,83,92,96,100,101,102,103,110,111,112,113,114,118,120,121,122,123,126,127,128,129,130,131,132,133,134,136,138,143,150,155,156
7,10,11,21,27,29,31,32,37,41,56,70,71,77,85,94,100,101,103,106,110,111,112,113,117,118,119,122,127,128,131,133,143,152,173,176,201,205
8,10,11,12,13,14,15,16,17,18,19,20,22,23,26,28,31,35,40,42,43,44,48,53,62,64,71,74,75,79,80,86,88,97,100,101,102,104,105,106,108,109,110,111,112,113,115,117,118,119,120,121,123,126,129,132,135,139,141,142,144,149,152,153,154,157,159,161
9,10,11,12,13,14,15,16,17,18,19,21,25,27,30,32,33,36,45,51,54,57,63,67,69,72,81,83,90,93,99,100,101,102,104,105,108,109,110,111,115,117,119,120,121,122,123,124,126,129,130,135,139,140,141,142,144,146,149,153,159,161,162,164,165,166,169
